scene_token,attack,xgb_prob,top1_gene,top1_category,ade_attacked,ade_mitigated,is_fail,is_flip,improvement_m
7f572219da4e5fd4,Rain,0.4895983040332794,lbp_entropy,edge_freq,8.909494400024414,4.125338077545166,1,0,4.784156322479248
472899393e8f55e1,Rain,0.29385706782341003,shadow_ratio,luma,0.0,0.0,0,0,0.0
73bc1971e0735c22,Rain,0.29004377126693726,lbp_entropy,edge_freq,1.6535098552703857,0.8527930378913879,0,0,0.8007168173789978
