{
  "planner": "CNN",
  "attack": "Dusk",
  "k": 5,
  "n_requested": 20,
  "n_successful": 20,
  "n_fail": 9,
  "n_flip": 5,
  "ade_threshold": 2.0,
  "flip_rate_overall": 0.25,
  "flip_rate_over_fail": 0.5555555555555556,
  "mean_improvement_m": 0.16862936168909073,
  "median_improvement_m": 0.30167585611343384,
  "per_category": [
    {
      "top1_category": "color",
      "n": 4,
      "n_flip": 1,
      "flip_rate": 0.25,
      "mean_improvement": 1.3970329463481903
    },
    {
      "top1_category": "edge_freq",
      "n": 13,
      "n_flip": 3,
      "flip_rate": 0.23076923076923078,
      "mean_improvement": -0.22053474417099586
    },
    {
      "top1_category": "luma",
      "n": 3,
      "n_flip": 1,
      "flip_rate": 0.3333333333333333,
      "mean_improvement": 0.21713570753733316
    }
  ]
}