{
  "planner": "CNN",
  "attack": "Rain",
  "k": 5,
  "n_requested": 50,
  "n_successful": 50,
  "n_fail": 21,
  "n_flip": 10,
  "ade_threshold": 2.0,
  "flip_rate_overall": 0.2,
  "flip_rate_over_fail": 0.47619047619047616,
  "mean_improvement_m": 0.667882684469223,
  "median_improvement_m": 0.21153795719146729,
  "per_category": [
    {
      "top1_category": "color",
      "n": 3,
      "n_flip": 0,
      "flip_rate": 0.0,
      "mean_improvement": -1.1162098745505016
    },
    {
      "top1_category": "edge_freq",
      "n": 7,
      "n_flip": 1,
      "flip_rate": 0.14285714285714285,
      "mean_improvement": 1.5983848316328866
    },
    {
      "top1_category": "luma",
      "n": 38,
      "n_flip": 9,
      "flip_rate": 0.23684210526315788,
      "mean_improvement": 0.6851139797976142
    },
    {
      "top1_category": "other",
      "n": 2,
      "n_flip": 0,
      "flip_rate": 0.0,
      "mean_improvement": -0.24013060331344604
    }
  ]
}